{
  "src": [
    "calls.ogg",
    "calls.m4a",
    "calls.mp3",
    "calls.ac3"
  ],
  "sprite": {
    "all": [
      0,
      654.6938775510204
    ],
    "bob": [
      2000,
      396.8480725623582
    ],
    "change": [
      4000,
      824.6258503401363
    ],
    "go": [
      6000,
      1009.773242630386
    ],
    "look": [
      9000,
      3155.2607709750564
    ],
    "rounds": [
      14000,
      746.1678004535148
    ],
    "single": [
      16000,
      582.8798185941047
    ],
    "sorry": [
      18000,
      691.2698412698397
    ],
    "stand": [
      20000,
      1228.9342403628111
    ]
  }
}