{
  "src": [
    "cow.ogg",
    "cow.m4a",
    "cow.mp3",
    "cow.ac3"
  ],
  "sprite": {
    "1": [
      17000,
      530.9977324263037
    ],
    "2": [
      33000,
      530.9977324263073
    ],
    "3": [
      35000,
      530.9977324263073
    ],
    "4": [
      37000,
      530.9977324263073
    ],
    "5": [
      39000,
      530.9977324263073
    ],
    "6": [
      41000,
      530.9977324263073
    ],
    "7": [
      43000,
      530.9977324263073
    ],
    "8": [
      45000,
      530.9977324263073
    ],
    "9": [
      47000,
      530.9977324263073
    ],
    "10": [
      19000,
      530.9977324263037
    ],
    "11": [
      21000,
      530.9977324263037
    ],
    "12": [
      23000,
      530.9977324263037
    ],
    "13": [
      25000,
      530.9977324263037
    ],
    "14": [
      27000,
      530.9977324263037
    ],
    "15": [
      29000,
      530.9977324263037
    ],
    "16": [
      31000,
      927.9818594104299
    ],
    "all": [
      0,
      654.6938775510204
    ],
    "bob": [
      2000,
      396.8480725623582
    ],
    "go": [
      4000,
      1009.773242630386
    ],
    "look": [
      7000,
      3155.2607709750564
    ],
    "single": [
      12000,
      582.8798185941047
    ],
    "stand": [
      14000,
      1228.9342403628111
    ]
  }
}