{
  "src": [
    "cow.ogg",
    "cow.m4a",
    "cow.mp3",
    "cow.ac3"
  ],
  "sprite": {
    "1": [
      0,
      530.9977324263039
    ],
    "2": [
      16000,
      530.9977324263037
    ],
    "3": [
      18000,
      530.9977324263037
    ],
    "4": [
      20000,
      530.9977324263037
    ],
    "5": [
      22000,
      530.9977324263037
    ],
    "6": [
      24000,
      530.9977324263037
    ],
    "7": [
      26000,
      530.9977324263037
    ],
    "8": [
      28000,
      530.9977324263037
    ],
    "9": [
      30000,
      530.9977324263037
    ],
    "10": [
      2000,
      530.9977324263037
    ],
    "11": [
      4000,
      530.9977324263037
    ],
    "12": [
      6000,
      530.9977324263037
    ],
    "13": [
      8000,
      530.9977324263037
    ],
    "14": [
      10000,
      530.9977324263037
    ],
    "15": [
      12000,
      530.9977324263037
    ],
    "16": [
      14000,
      927.9818594104316
    ]
  }
}