{
  "src": [
    "hand.ogg",
    "hand.m4a",
    "hand.mp3",
    "hand.ac3"
  ],
  "sprite": {
    "0": [
      12000,
      1503.2199546485251
    ],
    "1": [
      15000,
      1502.8798185941027
    ],
    "2": [
      18000,
      1515.691609977324
    ],
    "3": [
      21000,
      1515.9863945578245
    ],
    "4": [
      24000,
      1509.5918367346926
    ],
    "5": [
      27000,
      1482.9251700680288
    ],
    "6": [
      30000,
      1508.9569160997733
    ],
    "7": [
      33000,
      1394.8299319727867
    ],
    "8": [
      36000,
      1410.2040816326564
    ],
    "9": [
      39000,
      1434.2176870748276
    ],
    "all": [
      0,
      654.6938775510204
    ],
    "bob": [
      2000,
      396.8480725623582
    ],
    "go": [
      4000,
      1009.773242630386
    ],
    "single": [
      7000,
      582.8798185941047
    ],
    "stand": [
      9000,
      1228.9342403628111
    ],
    "E": [
      42000,
      1502.4943310657618
    ],
    "T": [
      45000,
      1429.8639455782336
    ]
  }
}