{
  "src": [
    "hand.ogg",
    "hand.m4a",
    "hand.mp3",
    "hand.ac3"
  ],
  "sprite": {
    "all": [
      0,
      654.6938775510204
    ],
    "bob": [
      2000,
      396.8480725623582
    ],
    "go": [
      4000,
      1009.773242630386
    ],
    "single": [
      7000,
      582.8798185941047
    ],
    "stand": [
      9000,
      1228.9342403628111
    ],
    "bflat1": [
      12000,
      15661.22448979592
    ],
    "bflat10": [
      29000,
      13510.86167800453
    ],
    "bflat11": [
      44000,
      13893.968253968254
    ],
    "bflat12": [
      59000,
      14742.970521541949
    ],
    "bflat2": [
      75000,
      15032.335600907032
    ],
    "bflat3": [
      92000,
      15062.539682539678
    ],
    "bflat4": [
      109000,
      15376.961451247169
    ],
    "bflat5": [
      126000,
      19165.80498866213
    ],
    "bflat6": [
      147000,
      12041.972789115647
    ],
    "bflat7": [
      161000,
      16813.038548752844
    ],
    "bflat8": [
      179000,
      17614.013605442182
    ],
    "bflat9": [
      198000,
      11969.682539682537
    ]
  }
}