{
  "src": [
    "hand.ogg",
    "hand.m4a",
    "hand.mp3",
    "hand.ac3"
  ],
  "sprite": {
    "L1": [
      0,
      1070.2721088435374
    ],
    "L10": [
      3000,
      1411.2244897959183
    ],
    "L11": [
      6000,
      1453.2199546485263
    ],
    "L12": [
      9000,
      1377.2335600907031
    ],
    "L13": [
      12000,
      1392.4716553287979
    ],
    "L14": [
      15000,
      1386.1451247165526
    ],
    "L15": [
      18000,
      1389.5464852607695
    ],
    "L16": [
      21000,
      1412.086167800453
    ],
    "L2": [
      24000,
      1247.6417233560078
    ],
    "L3": [
      27000,
      1290.702947845805
    ],
    "L4": [
      30000,
      1376.3265306122462
    ],
    "L5": [
      33000,
      1466.3492063492072
    ],
    "L6-flat": [
      36000,
      1421.609977324266
    ],
    "L6": [
      39000,
      1437.0975056689374
    ],
    "L7": [
      42000,
      1451.7233560090688
    ],
    "L8": [
      45000,
      1471.337868480724
    ],
    "L9": [
      48000,
      1438.2312925170097
    ]
  }
}