{
  "src": [
    "hand.ogg",
    "hand.m4a",
    "hand.mp3",
    "hand.ac3"
  ],
  "sprite": {
    "1h": [
      0,
      1519.8866213151928
    ],
    "2h": [
      3000,
      1495.3514739229022
    ],
    "3h": [
      6000,
      1520.3854875283448
    ],
    "4h": [
      9000,
      1519.841269841269
    ],
    "5h": [
      12000,
      1495.419501133787
    ],
    "6h": [
      15000,
      1507.5736961451262
    ],
    "7h": [
      18000,
      1507.7324263038533
    ],
    "8h": [
      21000,
      1513.6961451247153
    ],
    "bob": [
      24000,
      396.84807256236
    ],
    "single": [
      26000,
      582.8798185941047
    ],
    "go": [
      28000,
      1009.7732426303843
    ],
    "all": [
      31000,
      654.6938775510221
    ],
    "stand": [
      33000,
      1228.9342403628111
    ]
  }
}