{
  "src": [
    "hand.ogg",
    "hand.m4a",
    "hand.mp3",
    "hand.ac3"
  ],
  "sprite": {
    "all": [
      0,
      654.6938775510204
    ],
    "bob": [
      2000,
      396.8480725623582
    ],
    "go": [
      4000,
      1009.773242630386
    ],
    "look": [
      7000,
      3155.2607709750564
    ],
    "single": [
      12000,
      582.8798185941047
    ],
    "stand": [
      14000,
      1228.9342403628111
    ],
    "L1": [
      17000,
      1404.0816326530603
    ],
    "L10": [
      20000,
      1861.2244897959195
    ],
    "L11": [
      23000,
      1893.8775510204096
    ],
    "L12": [
      26000,
      1795.918367346939
    ],
    "L13": [
      29000,
      1828.5714285714291
    ],
    "L14": [
      32000,
      1828.5714285714291
    ],
    "L15": [
      35000,
      1828.5714285714291
    ],
    "L16": [
      38000,
      1861.2244897959158
    ],
    "L2": [
      41000,
      1632.653061224488
    ],
    "L3": [
      44000,
      1697.9591836734685
    ],
    "L4": [
      47000,
      1795.9183673469354
    ],
    "L5": [
      50000,
      1926.5306122448962
    ],
    "L6-flat": [
      53000,
      1861.2244897959158
    ],
    "L6": [
      56000,
      1893.8775510204096
    ],
    "L7": [
      59000,
      1893.8775510204096
    ],
    "L8": [
      62000,
      1926.5306122448962
    ],
    "L9": [
      65000,
      1893.8775510204096
    ]
  }
}