{
  "src": [
    "hand.ogg",
    "hand.m4a",
    "hand.mp3",
    "hand.ac3"
  ],
  "sprite": {
    "0": [
      17000,
      1503.2199546485251
    ],
    "1": [
      20000,
      1502.8798185941027
    ],
    "2": [
      23000,
      1515.691609977324
    ],
    "3": [
      26000,
      1515.9863945578245
    ],
    "4": [
      29000,
      1509.5918367346926
    ],
    "5": [
      32000,
      1482.9251700680288
    ],
    "6": [
      35000,
      1508.956916099777
    ],
    "7": [
      38000,
      1394.8299319727867
    ],
    "8": [
      41000,
      1410.2040816326564
    ],
    "9": [
      44000,
      1434.2176870748276
    ],
    "all": [
      0,
      654.6938775510204
    ],
    "bob": [
      2000,
      396.8480725623582
    ],
    "go": [
      4000,
      1009.773242630386
    ],
    "look": [
      7000,
      3155.2607709750564
    ],
    "single": [
      12000,
      582.8798185941047
    ],
    "stand": [
      14000,
      1228.9342403628111
    ],
    "E": [
      47000,
      1502.4943310657618
    ],
    "T": [
      50000,
      1429.8639455782336
    ]
  }
}