{
  "src": [
    "hand.ogg",
    "hand.m4a",
    "hand.mp3",
    "hand.ac3"
  ],
  "sprite": {
    "all": [
      0,
      654.6938775510204
    ],
    "bob": [
      2000,
      396.8480725623582
    ],
    "go": [
      4000,
      1009.773242630386
    ],
    "look": [
      7000,
      3155.2607709750564
    ],
    "single": [
      12000,
      582.8798185941047
    ],
    "stand": [
      14000,
      1228.9342403628111
    ],
    "L1": [
      17000,
      1070.272108843536
    ],
    "L10": [
      20000,
      1411.2244897959201
    ],
    "L11": [
      23000,
      1453.2199546485244
    ],
    "L12": [
      26000,
      1377.2335600907013
    ],
    "L2": [
      29000,
      1247.6417233560078
    ],
    "L3": [
      32000,
      1290.7029478458014
    ],
    "L4": [
      35000,
      1376.3265306122462
    ],
    "L5": [
      38000,
      1466.3492063492072
    ],
    "L6": [
      41000,
      1437.0975056689374
    ],
    "L7": [
      44000,
      1451.7233560090688
    ],
    "L8": [
      47000,
      1471.337868480724
    ],
    "L9": [
      50000,
      1438.2312925170097
    ],
    "e1": [
      53000,
      1436.734693877554
    ],
    "e2": [
      56000,
      1541.2244897959156
    ],
    "e3": [
      59000,
      1515.1020408163233
    ],
    "e4": [
      62000,
      1515.1020408163233
    ]
  }
}
