{
  "src": [
    "muffled.ogg",
    "muffled.m4a",
    "muffled.mp3",
    "muffled.ac3"
  ],
  "sprite": {
    "0-muf": [
      0,
      1879.2743764172335
    ],
    "1-muf": [
      3000,
      1879.931972789116
    ],
    "2-muf": [
      6000,
      1880.1133786848077
    ],
    "2sharp-muf": [
      9000,
      1790.589569160998
    ],
    "3-muf": [
      12000,
      1883.3560090702938
    ],
    "4-muf": [
      15000,
      1876.9387755102046
    ],
    "5-muf": [
      18000,
      1880.6802721088438
    ],
    "6-muf": [
      21000,
      1886.6439909297058
    ],
    "6b-muf": [
      24000,
      1985.9410430839014
    ],
    "7-muf": [
      27000,
      1879.9546485260769
    ],
    "8-muf": [
      30000,
      1883.3333333333328
    ],
    "9-muf": [
      33000,
      1872.789115646256
    ],
    "E-muf": [
      36000,
      1879.0929705215403
    ],
    "T-muf": [
      39000,
      1878.7755102040792
    ]
  }
}