{
  "src": [
    "muffled.ogg",
    "muffled.m4a",
    "muffled.mp3",
    "muffled.ac3"
  ],
  "sprite": {
    "1": [
      0,
      1875.0113378684807
    ],
    "2": [
      12000,
      1875.0113378684805
    ],
    "3": [
      18000,
      1875.0113378684823
    ],
    "4": [
      21000,
      1875.0113378684823
    ],
    "5": [
      24000,
      1875.0113378684823
    ],
    "6": [
      27000,
      1875.0113378684823
    ],
    "7": [
      30000,
      1875.0113378684823
    ],
    "8": [
      33000,
      1875.0113378684787
    ],
    "9": [
      36000,
      1875.0113378684787
    ],
    "10": [
      3000,
      1875.0113378684805
    ],
    "11": [
      6000,
      1875.0113378684805
    ],
    "12": [
      9000,
      1875.0113378684805
    ],
    "2sharp": [
      15000,
      1875.0113378684823
    ],
    "e1": [
      39000,
      1875.0113378684787
    ],
    "e2": [
      42000,
      1875.0113378684787
    ],
    "e3": [
      45000,
      1875.0113378684787
    ],
    "e4": [
      48000,
      1875.0113378684787
    ]
  }
}