{
  "src": [
    "muffled.ogg",
    "muffled.m4a",
    "muffled.mp3",
    "muffled.ac3"
  ],
  "sprite": {
    "0-muf": [
      0,
      1503.424036281179
    ],
    "1-muf": [
      3000,
      1503.945578231292
    ],
    "2-muf": [
      6000,
      1504.0816326530617
    ],
    "2sharp-muf": [
      9000,
      1506.2131519274367
    ],
    "3-muf": [
      12000,
      1506.6893424036286
    ],
    "4-muf": [
      15000,
      1501.5419501133779
    ],
    "5-muf": [
      18000,
      1504.5351473922892
    ],
    "6-muf": [
      21000,
      1509.3197278911568
    ],
    "7-muf": [
      24000,
      1503.968253968253
    ],
    "8-muf": [
      27000,
      1506.6666666666677
    ],
    "9-muf": [
      30000,
      1498.231292517005
    ],
    "E-muf": [
      33000,
      1503.2653061224507
    ],
    "T-muf": [
      36000,
      1503.015873015876
    ]
  }
}