{
  "src": [
    "sounds.ogg",
    "sounds.m4a",
    "sounds.mp3",
    "sounds.ac3"
  ],
  "sprite": {
    "0-f": [
      0,
      997.7551020408163
    ],
    "1-f": [
      2000,
      998.6167800453516
    ],
    "2-f": [
      4000,
      1010.9523809523813
    ],
    "2sharp-f": [
      7000,
      998.3673469387755
    ],
    "3-f": [
      9000,
      1000.5442176870752
    ],
    "4-f": [
      12000,
      997.0294784580495
    ],
    "5-f": [
      14000,
      1018.4580498866218
    ],
    "6-f": [
      17000,
      1010.3174603174593
    ],
    "7-f": [
      20000,
      1007.0975056689342
    ],
    "8-f": [
      23000,
      1010.9523809523821
    ],
    "9-f": [
      26000,
      1010.9523809523821
    ],
    "E-f": [
      29000,
      1003.0385487528335
    ],
    "T-f": [
      32000,
      1011.247165532879
    ],
    "all": [
      35000,
      809.7959183673495
    ],
    "bob": [
      37000,
      705.3061224489809
    ],
    "go": [
      39000,
      1201.6326530612246
    ],
    "single": [
      42000,
      757.5510204081652
    ]
  }
}