{
  "src": [
    "tower.ogg",
    "tower.m4a",
    "tower.mp3",
    "tower.ac3"
  ],
  "sprite": {
    "0": [
      17000,
      1500
    ],
    "1": [
      20000,
      1500
    ],
    "2": [
      23000,
      1500
    ],
    "3": [
      29000,
      1500
    ],
    "4": [
      32000,
      1500
    ],
    "5": [
      35000,
      1500
    ],
    "6": [
      38000,
      1500
    ],
    "7": [
      41000,
      1500
    ],
    "8": [
      44000,
      1500
    ],
    "9": [
      47000,
      1500
    ],
    "That's all": [
      0,
      654.6938775510204
    ],
    "Bob": [
      2000,
      396.8480725623582
    ],
    "Go": [
      4000,
      1009.773242630386
    ],
    "Look to": [
      7000,
      3155.2607709750564
    ],
    "Single": [
      12000,
      582.8798185941047
    ],
    "Stand next": [
      14000,
      1228.9342403628111
    ],
    "2sharp": [
      26000,
      1500
    ],
    "E": [
      50000,
      1500
    ],
    "T": [
      53000,
      1500
    ],
    "e1": [
      56000,
      1500
    ],
    "e2": [
      59000,
      1500
    ],
    "e3": [
      62000,
      1500
    ],
    "e4": [
      65000,
      1500
    ]
  }
}
