{
  "src": [
    "tower.ogg",
    "tower.m4a",
    "tower.mp3",
    "tower.ac3"
  ],
  "sprite": {
    "0": [
      0,
      2612.3809523809523
    ],
    "1": [
      4000,
      2120.612244897959
    ],
    "2": [
      8000,
      2383.5600907029484
    ],
    "3": [
      16000,
      2534.195011337868
    ],
    "4": [
      20000,
      2518.548752834466
    ],
    "5": [
      24000,
      2581.1337868480705
    ],
    "6": [
      28000,
      2588.9569160997753
    ],
    "7": [
      36000,
      2565.4875283446686
    ],
    "8": [
      40000,
      2588.9569160997753
    ],
    "9": [
      44000,
      2557.664399092971
    ],
    "2sharp": [
      12000,
      2248.639455782314
    ],
    "6flat": [
      32000,
      2725.215419501133
    ],
    "E": [
      48000,
      2581.1337868480705
    ],
    "T": [
      52000,
      2588.9569160997753
    ],
    "e1": [
      56000,
      1879.931972789116
    ],
    "e2": [
      59000,
      1880.113378684804
    ],
    "e3": [
      62000,
      1883.3560090702974
    ],
    "e4": [
      65000,
      1876.9387755101975
    ]
  }
}