{
  "src": [
    "tower.ogg",
    "tower.m4a",
    "tower.mp3",
    "tower.ac3"
  ],
  "sprite": {
    "all": [
      0,
      654.6938775510204
    ],
    "bob": [
      2000,
      396.8480725623582
    ],
    "go": [
      4000,
      1009.773242630386
    ],
    "single": [
      7000,
      582.8798185941047
    ],
    "stand": [
      9000,
      1228.9342403628111
    ],
    "d1": [
      12000,
      1696.4852607709754
    ],
    "d10": [
      15000,
      2089.9092970521524
    ],
    "d11": [
      19000,
      2064.897959183675
    ],
    "d12": [
      23000,
      2071.1564625850338
    ],
    "d2#": [
      27000,
      1798.9115646258504
    ],
    "d2": [
      30000,
      1906.848072562358
    ],
    "d3": [
      33000,
      2027.3469387755085
    ],
    "d4": [
      37000,
      2014.8299319727912
    ],
    "d5": [
      41000,
      2064.897959183675
    ],
    "d6": [
      45000,
      2071.156462585037
    ],
    "d7": [
      49000,
      2052.3809523809505
    ],
    "d8": [
      53000,
      2071.156462585037
    ],
    "d9": [
      57000,
      2046.1224489795882
    ]
  }
}