{
  "src": [
    "tower.ogg",
    "tower.m4a",
    "tower.mp3",
    "tower.ac3"
  ],
  "sprite": {
    "0": [
      17000,
      1503.424036281178
    ],
    "1": [
      20000,
      1503.945578231292
    ],
    "2": [
      23000,
      1504.0816326530617
    ],
    "3": [
      29000,
      1506.6893424036286
    ],
    "4": [
      32000,
      1501.5419501133779
    ],
    "5": [
      35000,
      1504.5351473922892
    ],
    "6": [
      38000,
      1509.3197278911532
    ],
    "7": [
      41000,
      1503.968253968253
    ],
    "8": [
      44000,
      1506.6666666666677
    ],
    "9": [
      47000,
      1498.231292517005
    ],
    "all": [
      0,
      654.6938775510204
    ],
    "bob": [
      2000,
      396.8480725623582
    ],
    "go": [
      4000,
      1009.773242630386
    ],
    "look": [
      7000,
      3155.2607709750564
    ],
    "single": [
      12000,
      582.8798185941047
    ],
    "stand": [
      14000,
      1228.9342403628111
    ],
    "2sharp": [
      26000,
      1506.2131519274367
    ],
    "E": [
      50000,
      1503.2653061224507
    ],
    "T": [
      53000,
      1503.015873015876
    ],
    "e1": [
      56000,
      1503.9455782312957
    ],
    "e2": [
      59000,
      1504.0816326530617
    ],
    "e3": [
      62000,
      1506.6893424036252
    ],
    "e4": [
      65000,
      1501.5419501133779
    ]
  }
}