{
  "src": [
    "tower.ogg",
    "tower.m4a",
    "tower.mp3",
    "tower.ac3"
  ],
  "sprite": {
    "0": [
      17000,
      2612.3809523809527
    ],
    "1": [
      21000,
      2120.612244897959
    ],
    "2": [
      25000,
      2383.5600907029466
    ],
    "3": [
      33000,
      2534.1950113378716
    ],
    "4": [
      37000,
      2518.5487528344693
    ],
    "5": [
      41000,
      2581.1337868480705
    ],
    "6": [
      45000,
      2588.9569160997753
    ],
    "7": [
      53000,
      2565.4875283446686
    ],
    "8": [
      57000,
      2588.9569160997753
    ],
    "9": [
      61000,
      2557.664399092971
    ],
    "all": [
      0,
      654.6938775510204
    ],
    "bob": [
      2000,
      396.8480725623582
    ],
    "go": [
      4000,
      1009.773242630386
    ],
    "look": [
      7000,
      3155.2607709750564
    ],
    "single": [
      12000,
      582.8798185941047
    ],
    "stand": [
      14000,
      1228.9342403628111
    ],
    "2sharp": [
      29000,
      2248.639455782314
    ],
    "6flat": [
      49000,
      2725.215419501133
    ],
    "E": [
      65000,
      2581.1337868480705
    ],
    "T": [
      69000,
      2588.9569160997753
    ],
    "e1": [
      73000,
      1879.9319727891088
    ],
    "e2": [
      76000,
      1880.1133786848113
    ],
    "e3": [
      79000,
      1883.3560090702974
    ],
    "e4": [
      82000,
      1876.9387755101975
    ]
  }
}