{
  "src": [
    "tower.ogg",
    "tower.m4a",
    "tower.mp3",
    "tower.ac3"
  ],
  "sprite": {
    "0": [
      12000,
      1504.1269841269836
    ],
    "1": [
      15000,
      1503.945578231292
    ],
    "2": [
      18000,
      1504.0816326530617
    ],
    "3": [
      24000,
      1506.6893424036286
    ],
    "4": [
      27000,
      1501.5419501133779
    ],
    "5": [
      30000,
      1504.5351473922892
    ],
    "6": [
      33000,
      1509.3197278911532
    ],
    "7": [
      36000,
      1503.968253968253
    ],
    "8": [
      39000,
      1506.6666666666677
    ],
    "9": [
      42000,
      1500.9297052154195
    ],
    "all": [
      0,
      654.6938775510204
    ],
    "bob": [
      2000,
      396.8480725623582
    ],
    "go": [
      4000,
      1009.773242630386
    ],
    "single": [
      7000,
      582.8798185941047
    ],
    "stand": [
      9000,
      1228.9342403628111
    ],
    "2sharp": [
      21000,
      1506.2131519274367
    ],
    "E": [
      45000,
      1501.1791383219943
    ],
    "T": [
      48000,
      1503.310657596373
    ]
  }
}