{
  "src": [
    "sounds.ogg",
    "sounds.m4a",
    "sounds.mp3",
    "sounds.ac3"
  ],
  "sprite": {
    "0-f": [
      0,
      2503.9909297052154
    ],
    "1-f": [
      4000,
      2507.392290249433
    ],
    "2-f": [
      8000,
      2496.893424036282
    ],
    "2sharp-f": [
      12000,
      2515.238095238095
    ],
    "3-f": [
      16000,
      2507.1882086167816
    ],
    "4-f": [
      20000,
      2509.863945578232
    ],
    "5-f": [
      24000,
      2505.283446712017
    ],
    "6-f": [
      28000,
      2518.0498866213165
    ],
    "7-f": [
      32000,
      2511.1337868480705
    ],
    "8-f": [
      36000,
      2508.5034013605423
    ],
    "9-f": [
      40000,
      2506.2811791383197
    ],
    "E-f": [
      44000,
      2509.092970521543
    ],
    "T-f": [
      48000,
      2510.3174603174593
    ],
    "all": [
      52000,
      809.7959183673495
    ],
    "bob": [
      54000,
      705.3061224489809
    ],
    "go": [
      56000,
      1201.6326530612246
    ],
    "single": [
      59000,
      757.5510204081652
    ]
  }
}